Observaciones,Crecimiento_Medio,Agro_Medio,Industria_Media,Log_Poblacion
135,4.427317844060368,24.34192274804481,14.367647969695538,10.802833367212468
