statistic,p.value,df,df.residual
12.239101355168442,6.369801817441096e-4,1,133
