Observaciones,R2,R2_Ajustado,Error_Estandar,Estadistico_F,gl1,gl2
135,0.13844912331433287,0.11193986557015867,5.69363255120445,5.222670685479989,4,130
