region,Estadistico,p_valor
AMBA,0.957911834204433,0.39792364251742696
Interior,0.9652922501311172,0.0054825187078264715
